t,v_cmd,omega_cmd,wL_cmd,wR_cmd,wL_meas,wR_meas,wL_raw,wR_raw,wheel_radius,axle_length,enc_ready
0.1958463191986084,0.0,0.0,0.0,0.0,0.0,0.0,0.0,0.0,0.0318,0.1,1
0.39569783210754395,0.0,0.0,0.0,0.0,0.0,0.0,0.0,0.0,0.0318,0.1,1
0.5957462787628174,0.0,0.0,0.0,0.0,0.0,0.0,0.0,0.0,0.0318,0.1,1
0.7957432270050049,0.0,0.0,0.0,0.0,0.0,0.0,0.0,0.0,0.0318,0.1,1
1.0019879341125488,0.3199999928474426,0.0,10.062892856837818,10.062892856837818,0.0,0.0,0.0,0.0,0.0318,0.1,1
1.19571852684021,0.3199999928474426,0.0,10.062892856837818,10.062892856837818,2.057022911634347,2.062972491075214,4.180601046775834,4.1926927050153635,0.0318,0.1,1
1.395643949508667,0.3199999928474426,0.0,10.062892856837818,10.062892856837818,5.2167500558724,3.8242287113870135,8.377648320731083,5.586137723343048,0.0318,0.1,1
1.5956788063049316,0.3199999928474426,0.0,10.062892856837818,10.062892856837818,6.800403917433927,5.403022081714324,8.383764836930805,6.98152340906382,0.0318,0.1,1
1.7955825328826904,0.3199999928474426,0.0,10.062892856837818,10.062892856837818,6.891615220475325,6.186841910668762,6.982871974528194,6.971052320646044,0.0318,0.1,1
1.9956696033477783,0.3199999928474426,0.0,10.062892856837818,10.062892856837818,6.937978398352308,6.584470594388887,6.984321014150815,6.9819229297098415,0.0318,0.1,1
2.195636749267578,0.3199999928474426,0.0,10.062892856837818,10.062892856837818,6.960223557661398,6.787155217209291,6.982472345265128,6.9898728988862455,0.0318,0.1,1
2.3957316875457764,0.3199999928474426,0.0,10.062892856837818,10.062892856837818,6.972500146991421,6.179285847902864,6.984770838390855,5.57170851177039,0.0318,0.1,1
2.595792055130005,0.3199999928474426,0.0,10.062892856837818,10.062892856837818,6.9811127080682684,6.580338864708955,6.989722731897111,6.9812737318778675,0.0318,0.1,1
2.795647621154785,0.3199999928474426,0.0,10.062892856837818,10.062892856837818,6.976781247087336,6.077657507462787,6.972446650624171,5.574612266420564,0.0318,0.1,1
2.9957549571990967,0.3199999928474426,0.0,10.062892856837818,10.062892856837818,6.981302162859549,6.536242445405749,6.985820653647126,6.994581401895994,0.0318,0.1,1
3.1957242488861084,0.3199999928474426,0.0,10.062892856837818,10.062892856837818,6.279583591689885,6.064026270193511,5.577758097776755,5.591738142134309,0.0318,0.1,1
3.3956539630889893,0.3199999928474426,0.0,10.062892856837818,10.062892856837818,6.636293145839751,5.823107673905021,6.993128102136333,5.5821043820741565,0.0318,0.1,1
3.5957860946655273,0.3199999928474426,0.0,10.062892856837818,10.062892856837818,6.110580515501902,6.396649144800203,5.585218727251057,6.969807854325351,0.0318,0.1,1
3.795729637145996,0.3199999928474426,0.0,10.062892856837818,10.062892856837818,6.541177329513203,6.635625293975601,6.9718988116170575,6.874670632470833,0.0318,0.1,1
3.9956443309783936,0.3199999928474426,0.0,10.062892856837818,10.062892856837818,6.061143392060008,6.109753836691914,5.58090748161057,5.5836611203980215,0.0318,0.1,1
4.195679426193237,0.3199999928474426,0.0,10.062892856837818,10.062892856837818,5.82892394836671,5.851743290764003,5.596748013747769,5.5937810861801625,0.0318,0.1,1
4.396646022796631,0.3199999928474426,0.0,10.062892856837818,10.062892856837818,5.71217555543228,5.720927216358206,5.595985934784761,5.590737243907418,0.0318,0.1,1
4.595850944519043,0.3199999928474426,0.0,10.062892856837818,10.062892856837818,5.645418389364041,5.634475682886696,5.578395660587534,5.547680241716361,0.0318,0.1,1
4.795692682266235,0.3199999928474426,0.0,10.062892856837818,10.062892856837818,5.616189334051318,5.609537533034509,5.5869370962419325,5.584579603939733,0.0318,0.1,1
4.995700120925903,0.3199999928474426,0.0,10.062892856837818,10.062892856837818,6.315505361752335,5.596119973449654,7.0147895454861295,5.582703024845114,0.0318,0.1,1
5.19569206237793,0.3199999928474426,0.0,10.062892856837818,10.062892856837818,6.651329353073143,5.585585302220126,6.9871708799122105,5.575050080908042,0.0318,0.1,1
5.397222280502319,0.3199999928474426,0.0,10.062892856837818,10.062892856837818,6.8182336583797065,6.2913837992244925,6.983871247845051,6.9918256570743305,0.0318,0.1,1
5.595643997192383,0.3199999928474426,0.0,10.062892856837818,10.062892856837818,6.900351717766902,5.9356842227037765,6.983121766047881,5.577160514985295,0.0318,0.1,1
5.795903921127319,0.3199999928474426,0.0,10.062892856837818,10.062892856837818,6.947396733068103,5.760897869081408,6.994380910845484,5.586337545121988,0.0318,0.1,1
5.9957709312438965,0.3199999928474426,0.0,10.062892856837818,10.062892856837818,6.960714299121226,5.6712321279392865,6.974040853751011,5.581505867676404,0.0318,0.1,1
6.195690631866455,0.3199999928474426,0.0,10.062892856837818,10.062892856837818,6.270827722736241,6.325324764389038,5.580668163107928,6.979676220673015,0.0318,0.1,1
6.395868301391602,0.3199999928474426,0.0,10.062892856837818,10.062892856837818,6.625957408411746,5.953191655717813,6.980774431076709,5.581386180198005,0.0318,0.1,1
6.595673561096191,0.3199999928474426,0.0,10.062892856837818,10.062892856837818,6.8025809099888415,5.765765555988996,6.979376768711799,5.578156557453843,0.0318,0.1,1
6.795628070831299,0.3199999928474426,0.0,10.062892856837818,10.062892856837818,6.196044854524158,5.674603495771085,5.589376597200192,5.583421565681055,0.0318,0.1,1
6.995735168457031,0.3199999928474426,0.0,10.062892856837818,10.062892856837818,5.891989177392087,4.932069109301061,5.5880965933993245,4.189933012595842,0.0318,0.1,1
7.201306343078613,0.0,0.0,0.0,0.0,5.731665274033577,5.261087002515806,5.575687024756766,5.581186712473723,0.0318,0.1,1
7.395776987075806,0.0,0.0,0.0,0.0,2.9060175073595436,2.667429133783557,0.0,0.0,0.0318,0.1,1
7.595799207687378,0.0,0.0,0.0,0.0,1.4529289072706595,1.3336412759919973,0.0,0.0,0.0318,0.1,1
7.795720100402832,0.0,0.0,0.0,0.0,0.7266090199870247,0.6669533352345043,0.0,0.0,0.0318,0.1,1
8.001050472259521,0.0,8.0,-12.578616352201259,12.578616352201259,0.3585259634375052,0.32909044686381417,0.0,0.0,0.0318,0.1,1
8.195656776428223,0.0,8.0,-12.578616352201259,12.578616352201259,-1.1984615836484456,1.5448346725695985,-2.798594656117834,2.794268264287416,0.0318,0.1,1
8.395670652389526,0.0,8.0,-12.578616352201259,12.578616352201259,-2.699038921364201,2.864867376939756,-4.199517522294579,4.184813224216616,0.0318,0.1,1
8.59579086303711,0.0,8.0,-12.578616352201259,12.578616352201259,-2.7360369918607312,2.8258361910241603,-2.773012661697449,2.786828636727891,0.0318,0.1,1
8.801170825958252,0.3199999928474426,0.0,10.062892856837818,10.062892856837818,-2.765042389822403,2.1007794868200014,-2.793288675063894,1.3946985528411362,0.0318,0.1,1
8.995724439620972,0.3199999928474426,0.0,10.062892856837818,10.062892856837818,0.6618972866243431,3.129180701201646,4.18466371106801,4.186338868816987,0.0318,0.1,1
9.19553256034851,0.3199999928474426,0.0,10.062892856837818,10.062892856837818,4.51902734913561,5.058859447773134,8.379925979445607,6.990423566387662,0.0318,0.1,1
9.395819187164307,0.3199999928474426,0.0,10.062892856837818,10.062892856837818,6.492792541265705,6.784169168443172,8.463733111297245,8.507009827452132,0.0318,0.1,1
9.595589399337769,0.3199999928474426,0.0,10.062892856837818,10.062892856837818,7.448452804844086,7.604076190668102,8.405243158041564,8.42495277127037,0.0318,0.1,1
9.795560836791992,0.3199999928474426,0.0,10.062892856837818,10.062892856837818,7.217624963715503,7.289799158074953,6.986770758459685,6.975486230159844,0.0318,0.1,1
9.995906829833984,0.3199999928474426,0.0,10.062892856837818,10.062892856837818,6.403717046301699,6.438150984323366,5.591217630334975,5.5879766230995465,0.0318,0.1,1
10.195754289627075,0.3199999928474426,0.0,10.062892856837818,10.062892856837818,5.9973202603761395,6.012704376638666,5.590617160198332,5.5869370962419325,0.0318,0.1,1
10.39568567276001,0.3199999928474426,0.0,10.062892856837818,10.062892856837818,5.794682899861387,5.800155782170888,5.591978411037628,5.58753677606879,0.0318,0.1,1
10.595672845840454,0.3199999928474426,0.0,10.062892856837818,10.062892856837818,5.691093786196931,5.692671367667391,5.58749679340862,5.5851787777583475,0.0318,0.1,1
10.795727968215942,0.3199999928474426,0.0,10.062892856837818,10.062892856837818,5.6424508000449975,5.635764842014538,5.59382115882873,5.578873928353954,0.0318,0.1,1
10.995622873306274,0.3199999928474426,0.0,10.062892856837818,10.062892856837818,5.616901016842683,5.615479762952289,5.59133773984133,5.595183970578769,0.0318,0.1,1
11.195705652236938,0.3199999928474426,0.0,10.062892856837818,10.062892856837818,5.599918304873023,5.602485545974834,5.582942517907247,5.589496627621252,0.0318,0.1,1
11.395689487457275,0.3199999928474426,0.0,10.062892856837818,10.062892856837818,5.592788511282361,5.584694455115591,5.585658209392763,5.5669020958896756,0.0318,0.1,1
11.595669507980347,0.3199999928474426,0.0,10.062892856837818,10.062892856837818,5.588784129516467,5.580489601058079,5.584779314261222,5.576284291809336,0.0318,0.1,1
11.795669555664062,0.3199999928474426,0.0,10.062892856837818,10.062892856837818,5.5874409401458625,6.277516972237451,5.586097760702665,6.974539191742361,0.0318,0.1,1
11.995665550231934,0.3199999928474426,0.0,10.062892856837818,10.062892856837818,5.582241072432913,5.9313142822646,5.577041013792211,5.585098880487388,0.0318,0.1,1
12.195799589157104,0.3199999928474426,0.0,10.062892856837818,10.062892856837818,5.584509921981802,5.761267244986601,5.586777203360316,5.59133773984133,0.0318,0.1,1
12.39566445350647,0.3199999928474426,0.0,10.062892856837818,10.062892856837818,5.587222425904776,4.975374125843935,5.5899367832745925,4.188944007986453,0.0318,0.1,1
12.595789194107056,0.3199999928474426,0.0,10.062892856837818,10.062892856837818,5.5861403414234445,5.276759831588484,5.5850589327091145,5.577957320499338,0.0318,0.1,1
12.795764684677124,0.3199999928474426,0.0,10.062892856837818,10.062892856837818,5.587538344085138,5.431198911762882,5.58893652975787,5.585658209392763,0.0318,0.1,1
12.995704650878906,0.3199999928474426,0.0,10.062892856837818,10.062892856837818,5.5887373836685805,4.795690733957214,5.5899367832745925,4.1599917390256005,0.0318,0.1,1
13.195672273635864,0.3199999928474426,0.0,10.062892856837818,10.062892856837818,5.586399079164311,5.188389327303506,5.584060423942942,5.581146820639715,0.0318,0.1,1
13.39572024345398,0.3199999928474426,0.0,10.062892856837818,10.062892856837818,5.592296497219367,5.389026692228826,5.598192522204021,5.589616663197667,0.0318,0.1,1
13.595653772354126,0.3199999928474426,0.0,10.062892856837818,10.062892856837818,5.589197660724586,5.483595321315542,5.586097760702665,5.578196406552709,0.0318,0.1,1
13.795700073242188,0.3199999928474426,0.0,10.062892856837818,10.062892856837818,5.588147207936213,5.533075073832608,5.587096998276041,5.582543374218479,0.0318,0.1,1
13.995729446411133,0.3199999928474426,0.0,10.062892856837818,10.062892856837818,5.587362218589908,5.562408866607534,5.586577350127788,5.591738142134309,0.0318,0.1,1
14.195648670196533,0.3199999928474426,0.0,10.062892856837818,10.062892856837818,5.588829295759362,5.574590588539967,5.590296962192322,5.586777203360316,0.0318,0.1,1
14.39571475982666,0.3199999928474426,0.0,10.062892856837818,10.062892856837818,5.583751071716929,5.582325078182488,5.578674640151899,5.590056837756819,0.0318,0.1,1
14.595685243606567,0.3199999928474426,0.0,10.062892856837818,10.062892856837818,5.460153318801855,5.584730823332133,5.336534669542043,5.5871369752147375,0.0318,0.1,1
14.795621395111084,0.3199999928474426,0.0,10.062892856837818,10.062892856837818,5.524335096713653,4.883743629303851,5.588536528574832,4.1825417767342,0.0318,0.1,1
15.00165843963623,0.0,0.0,0.0,0.0,5.550009060161265,5.2385821100214525,5.574930670136946,5.583022353494264,0.0318,0.1,1
15.195854425430298,0.0,0.0,0.0,0.0,3.5042757174893557,2.6578855852660044,1.3973541516919372,0.0,0.0318,0.1,1
15.395767450332642,0.0,0.0,0.0,0.0,1.7525220569409359,1.3292341951737963,0.0,0.0,0.0318,0.1,1
15.595670938491821,0.0,0.0,0.0,0.0,0.8764683230720246,0.664774324180294,0.0,0.0,0.0318,0.1,1
15.801707029342651,0.0,8.0,-12.578616352201259,12.578616352201259,0.4317214454764159,0.32744746683462256,0.0,0.0,0.0318,0.1,1
15.995784759521484,0.0,8.0,-12.578616352201259,12.578616352201259,-1.1572724814153812,2.228605438984034,-2.794728308454049,4.187745840298516,0.0318,0.1,1
16.1957368850708,0.0,8.0,-12.578616352201259,12.578616352201259,-2.6691560298438644,3.1949349747220173,-4.181406977420235,4.161499335852722,0.0318,0.1,1
16.39582109451294,0.0,8.0,-12.578616352201259,12.578616352201259,-2.7289005980127836,2.9978276583921546,-2.7886200926462483,2.800803063846644,0.0318,0.1,1
16.602785348892212,0.3199999928474426,0.0,10.062892856837818,10.062892856837818,-1.3411008798180934,1.4732633768853387,0.0,0.0,0.0318,0.1,1
16.79576539993286,0.3199999928474426,0.0,10.062892856837818,10.062892856837818,1.372978326969037,2.808523464973839,4.185800279011836,4.192362550461705,0.0318,0.1,1
16.995776414871216,0.3199999928474426,0.0,10.062892856837818,10.062892856837818,4.174003649935512,4.8907117636060295,6.9748880707135,6.9727953202761555,0.0318,0.1,1
17.195754289627075,0.3199999928474426,0.0,10.062892856837818,10.062892856837818,5.583266666887838,5.239445914056141,6.992677200859535,5.588216568850586,0.0318,0.1,1
17.395777702331543,0.3199999928474426,0.0,10.062892856837818,10.062892856837818,4.895711576726924,4.743129905983611,4.208238603637047,4.246873174640284,0.0318,0.1,1
17.595831394195557,0.3199999928474426,0.0,10.062892856837818,10.062892856837818,5.242029924052123,4.464757381806184,5.588256561812504,4.186458574263311,0.0318,0.1,1
17.795742750167847,0.3199999928474426,0.0,10.062892856837818,10.062892856837818,5.413746677521815,5.717208512705145,5.585538343767874,6.9702060352029624,0.0318,0.1,1
17.99579167366028,0.3199999928474426,0.0,10.062892856837818,10.062892856837818,5.500312549834128,5.65921937599483,5.586857148657112,5.6012444900654295,0.0318,0.1,1
18.195767641067505,0.3199999928474426,0.0,10.062892856837818,10.062892856837818,5.5441019926537844,5.625360649276781,5.5878966457614645,5.5914978938772295,0.0318,0.1,1
18.39574909210205,0.3199999928474426,0.0,10.062892856837818,10.062892856837818,4.864338004872187,4.9070491049117395,4.184514208602502,4.1886743604828265,0.0318,0.1,1
18.5957510471344,0.3199999928474426,0.0,10.062892856837818,10.062892856837818,4.52645979528053,4.548339645513296,4.188584485695917,4.189633264916412,0.0318,0.1,1
18.795674085617065,0.3199999928474426,0.0,10.062892856837818,10.062892856837818,4.359128005747744,4.362463506081574,4.191732399769139,4.176516477821053,0.0318,0.1,1
18.99621319770813,0.3199999928474426,0.0,10.062892856837818,10.062892856837818,4.971434874350406,4.976861561084624,5.5821043820741565,5.589616663197667,0.0318,0.1,1
19.195730447769165,0.3199999928474426,0.0,10.062892856837818,10.062892856837818,5.281951282730746,5.27772246619786,5.593220129378833,5.579312412521695,0.0318,0.1,1
19.39572834968567,0.3199999928474426,0.0,10.062892856837818,10.062892856837818,5.435423191374361,4.733200944932807,5.588896527062866,4.1886743604828265,0.0318,0.1,1
19.595747470855713,0.3199999928474426,0.0,10.062892856837818,10.062892856837818,5.510324539473959,4.459233246308955,5.585218727251057,4.1852917380959065,0.0318,0.1,1
19.795742750167847,0.3199999928474426,0.0,10.062892856837818,10.062892856837818,5.54647359313257,5.025461352773156,5.582623198390383,5.591698099324434,0.0318,0.1,1
19.995755434036255,0.3199999928474426,0.0,10.062892856837818,10.062892856837818,4.867464597522601,4.607865062984882,4.188494614765741,4.190292766432069,0.0318,0.1,1
20.195807456970215,0.3199999928474426,0.0,10.062892856837818,10.062892856837818,5.234199816227488,5.096523497135076,5.60084272524001,5.5850589327091145,0.0318,0.1,1
20.39588165283203,0.3199999928474426,0.0,10.062892856837818,10.062892856837818,5.412503502823102,5.358733166468138,5.590737243907418,5.620839975396352,0.0318,0.1,1
20.595885276794434,0.3199999928474426,0.0,10.062892856837818,10.062892856837818,5.498442893722896,5.472097368927029,5.5843799079009155,5.585458436209308,0.0318,0.1,1
20.79591655731201,0.3199999928474426,0.0,10.062892856837818,10.062892856837818,5.549104260361886,6.221430277119641,5.599758248044443,6.970654043075305,0.0318,0.1,1
20.995586156845093,0.3199999928474426,0.0,10.062892856837818,10.062892856837818,5.564952738215436,5.906887129716277,5.580827706495763,5.59181822947459,0.0318,0.1,1
21.195761680603027,0.3199999928474426,0.0,10.062892856837818,10.062892856837818,4.876629566243394,5.750024455322166,4.188914045438293,5.593300259176393,0.0318,0.1,1
21.39559578895569,0.3199999928474426,0.0,10.062892856837818,10.062892856837818,4.5360032550697955,4.973331777409418,4.195095394244598,4.1959971128218525,0.0318,0.1,1
21.595619916915894,0.3199999928474426,0.0,10.062892856837818,10.062892856837818,4.361445176871005,4.577824020122446,4.186907530663859,4.182362556947302,0.0318,0.1,1
21.7956645488739,0.3199999928474426,0.0,10.062892856837818,10.062892856837818,4.276234359532378,4.382493780585573,4.191042452045271,4.187206888430435,0.0318,0.1,1
21.99564504623413,0.3199999928474426,0.0,10.062892856837818,10.062892856837818,4.231318542826079,4.284046712297895,4.186398720684437,4.185590864845201,0.0318,0.1,1
22.195698738098145,0.3199999928474426,0.0,10.062892856837818,10.062892856837818,4.210143453176247,4.951520561011142,4.188973970963248,5.618817654040881,0.0318,0.1,1
22.395718097686768,0.3199999928474426,0.0,10.062892856837818,10.062892856837818,4.200922484500188,4.577988553151357,4.191702397318402,4.204492253722833,0.0318,0.1,1
22.595744609832764,0.3199999928474426,0.0,10.062892856837818,10.062892856837818,4.194453523041235,4.380222187835499,4.187985418998877,4.1824820350986345,0.0318,0.1,1
22.803009748458862,0.0,0.0,0.0,0.0,4.899905175876099,4.914905534559215,5.580628278686268,5.430846358200454,0.0318,0.1,1
22.995891332626343,0.0,0.0,0.0,0.0,2.4943465378950864,2.5019826229631454,0.0,0.0,0.0318,0.1,1
23.195862531661987,0.0,0.0,0.0,0.0,1.2472630748959481,1.2510813923580406,0.0,0.0,0.0318,0.1,1
23.395721912384033,0.0,0.0,0.0,0.0,0.6238534549233754,0.6257632930230236,0.0,0.0,0.0318,0.1,1
23.602234363555908,0.0,8.0,-12.578616352201259,12.578616352201259,0.30692974791484534,0.30786936942668774,0.0,0.0,0.0318,0.1,1
23.795766830444336,0.0,8.0,-12.578616352201259,12.578616352201259,-1.2183825728552653,2.2111797967906273,-2.794668294102708,4.178095692572812,0.0318,0.1,1
23.99576187133789,0.0,8.0,-12.578616352201259,12.578616352201259,-2.7049287991244704,2.5016731941311603,-4.191492392188276,2.792169985203469,0.0318,0.1,1
24.19572377204895,0.0,8.0,-12.578616352201259,12.578616352201259,-3.446295754308094,4.042817988469022,-4.18780573240381,5.58426009713267,0.0318,0.1,1
24.40251898765564,0.3199999928474426,0.0,10.062892856837818,10.062892856837818,-3.8205472895860444,4.118822908997758,-4.182511905703085,4.192332538989677,0.0318,0.1,1
24.596142768859863,0.3199999928474426,0.0,10.062892856837818,10.062892856837818,0.11912519724352144,4.149593750345341,4.188434702954799,4.181377122595967,0.0318,0.1,1
24.79567003250122,0.3199999928474426,0.0,10.062892856837818,10.062892856837818,3.549884657513697,4.704879670719366,6.9888218654416185,5.261489201269886,0.0318,0.1,1
24.997546672821045,0.3199999928474426,0.0,10.062892856837818,10.062892856837818,5.272544860958495,5.147969674900402,6.979177148345594,5.5869370962419325,0.0318,0.1,1
25.19588851928711,0.3199999928474426,0.0,10.062892856837818,10.062892856837818,5.433272269018162,5.365106749867784,5.595344345030643,5.584060423942942,0.0318,0.1,1
25.397615671157837,0.3199999928474426,0.0,10.062892856837818,10.062892856837818,4.80738714097392,4.77741201766695,4.186877597241417,4.194764861196797,0.0318,0.1,1
25.595583200454712,0.3199999928474426,0.0,10.062892856837818,10.062892856837818,5.195404258782236,5.036734998566491,5.5874168298048765,5.29872825556992,0.0318,0.1,1
25.795783281326294,0.3199999928474426,0.0,10.062892856837818,10.062892856837818,5.3940108523870745,5.3109740835793,5.592418957658754,5.584939092802967,0.0318,0.1,1
25.997849702835083,0.3199999928474426,0.0,10.062892856837818,10.062892856837818,4.785475590284338,5.447818333227054,4.183169166963427,5.583261873955606,0.0318,0.1,1
26.19559407234192,0.3199999928474426,0.0,10.062892856837818,10.062892856837818,5.178778320668271,4.822692420483412,5.576563060226258,4.19044268209757,0.0318,0.1,1
26.395591735839844,0.3199999928474426,0.0,10.062892856837818,10.062892856837818,5.382915140385547,4.4902534252923525,5.587057021909425,4.157806186895081,0.0318,0.1,1
26.595648765563965,0.3199999928474426,0.0,10.062892856837818,10.062892856837818,5.481425959317424,5.031709446656134,5.579910456570801,5.573020793237276,0.0318,0.1,1
26.797410249710083,0.3199999928474426,0.0,10.062892856837818,10.062892856837818,5.534854733453775,5.310481203031121,5.587816670712685,5.586817175722717,0.0318,0.1,1
26.997586250305176,0.3199999928474426,0.0,10.062892856837818,10.062892856837818,4.860501820647293,5.516564585508628,4.186757867831582,5.722461868790435,0.0318,0.1,1
27.19569683074951,0.3199999928474426,0.0,10.062892856837818,10.062892856837818,5.225574253527834,5.5511257730335535,5.594141760687629,5.586017837137205,0.0318,0.1,1
27.395828008651733,0.3199999928474426,0.0,10.062892856837818,10.062892856837818,5.413382214320107,5.567739354752578,5.601043600448037,5.584339970406938,0.0318,0.1,1
27.59574294090271,0.3199999928474426,0.0,10.062892856837818,10.062892856837818,5.499896416149857,5.57300630519872,5.586457445051413,5.578276106458503,0.0318,0.1,1
27.795714855194092,0.3199999928474426,0.0,10.062892856837818,10.062892856837818,5.540359485206467,5.697496902096135,5.580827706495763,5.822003350596938,0.0318,0.1,1
27.995805978775024,0.3199999928474426,0.0,10.062892856837818,10.062892856837818,5.566074415139541,5.640766353289803,5.59177818551769,5.584060423942942,0.0318,0.1,1
28.19563937187195,0.3199999928474426,0.0,10.062892856837818,10.062892856837818,5.596685228575679,5.617323425233419,5.627321197622234,5.593861232051445,0.0318,0.1,1
28.395719051361084,0.3199999928474426,0.0,10.062892856837818,10.062892856837818,4.893265183001009,5.6037272737879675,4.190142861492834,5.59013687694323,0.0318,0.1,1
28.597830295562744,0.3199999928474426,0.0,10.062892856837818,10.062892856837818,5.242279570962175,4.823700174581704,5.5876567274826385,4.051802078613407,0.0318,0.1,1
28.795883893966675,0.3199999928474426,0.0,10.062892856837818,10.062892856837818,4.715836174171601,4.5059091429419995,4.184215235716196,4.184992654098244,0.0318,0.1,1
28.99553346633911,0.3199999928474426,0.0,10.062892856837818,10.062892856837818,4.447990880525012,5.0319813972239995,4.179676102034372,5.558975761978424,0.0318,0.1,1
29.195653915405273,0.3199999928474426,0.0,10.062892856837818,10.062892856837818,5.017602216201225,4.61063055444743,5.586857148657112,4.1895433489755405,0.0318,0.1,1
29.395834922790527,0.3199999928474426,0.0,10.062892856837818,10.062892856837818,5.3029945234379365,5.100578511004672,5.588136584644008,5.590096857063524,0.0318,0.1,1
29.596128225326538,0.3199999928474426,0.0,10.062892856837818,10.062892856837818,5.443511147585942,6.034836264778684,5.583820834963003,6.967718150864677,0.0318,0.1,1
29.795708179473877,0.3199999928474426,0.0,10.062892856837818,10.062892856837818,5.51754664684222,5.808011121688964,5.591738142134309,5.580708048099695,0.0318,0.1,1
29.995687246322632,0.3199999928474426,0.0,10.062892856837818,10.062892856837818,5.551960298380198,5.698679512003633,5.586377511193267,5.589336588205416,0.0318,0.1,1
30.19571614265442,0.3199999928474426,0.0,10.062892856837818,10.062892856837818,5.56946987632484,5.6415258201155005,5.586977070892384,5.5843799079009155,0.0318,0.1,1
30.395637273788452,0.3199999928474426,0.0,10.062892856837818,10.062892856837818,5.578081910712192,5.616997136683071,5.586697260351446,5.592459010793635,0.0318,0.1,1
30.60523271560669,0.0,0.0,0.0,0.0,5.58073257718691,5.598366226217279,5.583261873955606,5.580588394834702,0.0318,0.1,1
30.795881986618042,0.0,0.0,0.0,0.0,3.5373189504111964,2.8661591820221846,1.3937227169208248,0.0,0.0318,0.1,1
30.99574089050293,0.0,0.0,0.0,0.0,1.769306781947527,1.4336040798083913,0.0,0.0,0.0318,0.1,1
31.195796012878418,0.0,0.0,0.0,0.0,0.8845320244299795,0.7167037010665807,0.0,0.0,0.0318,0.1,1
31.398561239242554,0.0,0.0,0.0,0.0,0.4392275090950094,0.35588986343542844,0.0,0.0,0.0318,0.1,1
31.603804349899292,0.0,8.0,-12.578616352201259,12.578616352201259,0.2167727335933739,0.1756429571408803,0.0,0.0,0.0318,0.1,1
31.795814752578735,0.0,8.0,-12.578616352201259,12.578616352201259,-1.2575455925910446,2.153309350287704,-2.793208738918202,4.2132643421959015,0.0318,0.1,1
31.997625827789307,0.0,8.0,-12.578616352201259,12.578616352201259,-2.7285267819900767,3.170684336622955,-4.186308943525022,4.178930476926973,0.0318,0.1,1
32.195746183395386,0.0,8.0,-12.578616352201259,12.578616352201259,-4.150206914899678,4.367625749430604,-5.5853785309370485,5.575925916223775,0.0318,0.1,1
32.39573097229004,0.0,8.0,-12.578616352201259,12.578616352201259,-4.168825896593445,4.317043802231505,-4.187446405466704,4.266457706163596,0.0318,0.1,1
32.59571719169617,0.0,8.0,-12.578616352201259,12.578616352201259,-3.483011278440829,3.5551316298174447,-2.7971510376993,2.793168772560994,0.0318,0.1,1
32.79577445983887,0.0,8.0,-12.578616352201259,12.578616352201259,-3.137446789776095,3.0516239436144046,-2.791990279332585,2.548273587999756,0.0318,0.1,1
32.99576926231384,0.0,8.0,-12.578616352201259,12.578616352201259,-2.963315959092536,2.9319050269036193,-2.7891779043208977,2.812181143467552,0.0318,0.1,1
33.2031455039978,0.0,0.0,0.0,0.0,-2.874456267333224,3.6001431392720713,-2.7887595246468235,4.244595403680065,0.0318,0.1,1
33.39572525024414,0.0,0.0,0.0,0.0,-1.4644220228296612,2.50813456490649,0.0,1.3740050842549028,0.0318,0.1,1
33.59575080871582,0.0,0.0,0.0,0.0,-0.7321624834181976,1.253984167924903,0.0,0.0,0.0318,0.1,1
33.79748177528381,0.0,0.0,0.0,0.0,-0.3645034489768839,0.6242897779152646,0.0,0.0,0.0318,0.1,1
33.99578404426575,0.0,0.0,0.0,0.0,-0.18302888631333528,0.31347594408050894,0.0,0.0,0.0318,0.1,1
34.204073667526245,0.3199999928474426,0.0,10.062892856837818,10.062892856837818,-0.08965608461044335,0.1535551372896761,0.0,0.0,0.0318,0.1,1
34.39602994918823,0.3199999928474426,0.0,10.062892856837818,10.062892856837818,2.0120759914148407,0.7617403282249259,4.201897893700015,1.3954163647415228,0.0318,0.1,1
34.595845222473145,0.3199999928474426,0.0,10.062892856837818,10.062892856837818,3.794488430653687,2.472273723592371,5.578555074064721,4.184394614321155,0.0318,0.1,1
34.79572510719299,0.3199999928474426,0.0,10.062892856837818,10.062892856837818,5.8624208621210965,4.727334758861794,7.93156884225237,6.983721338615478,0.0318,0.1,1
34.9957115650177,0.3199999928474426,0.0,10.062892856837818,10.062892856837818,6.422476925248563,5.885016736047393,6.982572248292567,7.042779866711714,0.0318,0.1,1
35.19580411911011,0.3199999928474426,0.0,10.062892856837818,10.062892856837818,5.990547299478576,6.4641084603836365,5.558817465523323,7.042932322133941,0.0318,0.1,1
35.395867109298706,0.3199999928474426,0.0,10.062892856837818,10.062892856837818,6.488211137953212,6.680181720139338,6.985720657645729,6.896187978518373,0.0318,0.1,1
35.59565496444702,0.3199999928474426,0.0,10.062892856837818,10.062892856837818,6.741211973021225,6.844225411794496,6.994481154934011,7.008443097369669,0.0318,0.1,1
35.79581904411316,0.3199999928474426,0.0,10.062892856837818,10.062892856837818,6.862491596190339,6.956145503230753,6.983671370302416,7.067973451277202,0.0318,0.1,1
35.995840311050415,0.3199999928474426,0.0,10.062892856837818,10.062892856837818,6.932404501432947,6.259915422364308,7.002309056736636,5.5637684946529005,0.0318,0.1,1
36.19575262069702,0.3199999928474426,0.0,10.062892856837818,10.062892856837818,6.962834784426771,5.921922293259224,6.993278415484424,5.583780905465177,0.0318,0.1,1
36.395951986312866,0.3199999928474426,0.0,10.062892856837818,10.062892856837818,6.972133784841892,6.417947577644845,6.98142353604641,6.913479492623539,0.0318,0.1,1
36.595773220062256,0.3199999928474426,0.0,10.062892856837818,10.062892856837818,6.28260318860344,5.997661376104519,5.592459010793635,5.577001181199192,0.0318,0.1,1
36.795711040496826,0.3199999928474426,0.0,10.062892856837818,10.062892856837818,6.5983842187622965,6.518565298790237,6.914263078415316,7.03963059838716,0.0318,0.1,1
36.99567198753357,0.3199999928474426,0.0,10.062892856837818,10.062892856837818,6.094711492866652,6.693745909320084,5.5909373948867005,6.868961777712242,0.0318,0.1,1
37.19567847251892,0.3199999928474426,0.0,10.062892856837818,10.062892856837818,5.83342351120408,6.08954313436416,5.572145870253196,5.485364271287601,0.0318,0.1,1
37.395724058151245,0.3199999928474426,0.0,10.062892856837818,10.062892856837818,6.403695801816987,5.829583550046623,6.973841538493687,5.56968165555409,0.0318,0.1,1
37.59556794166565,0.3199999928474426,0.0,10.062892856837818,10.062892856837818,6.696646295906059,5.656462174568184,6.9898228425062765,5.483207211598175,0.0318,0.1,1
37.795594215393066,0.3199999928474426,0.0,10.062892856837818,10.062892856837818,6.846775424618972,5.624659107621134,6.996887875379583,5.59285957369954,0.0318,0.1,1
37.9956738948822,0.3199999928474426,0.0,10.062892856837818,10.062892856837818,6.905618245387581,6.318581953810632,6.964436861679901,7.012219360946424,0.0318,0.1,1
38.19572997093201,0.3199999928474426,0.0,10.062892856837818,10.062892856837818,6.248093817863615,5.9447198749820105,5.590737243907418,5.570953236081029,0.0318,0.1,1
38.39568614959717,0.3199999928474426,0.0,10.062892856837818,10.062892856837818,5.921129679185328,6.444446307821702,5.594101683445533,6.944270338708959,0.0318,0.1,1
38.59584164619446,0.3199999928474426,0.0,10.062892856837818,10.062892856837818,6.448986957241797,6.063213153985291,6.976433525799643,5.682276625930091,0.0318,0.1,1
38.79574918746948,0.3199999928474426,0.0,10.062892856837818,10.062892856837818,6.014728833777073,6.523135768557113,5.5802693445441385,6.983271649538005,0.0318,0.1,1
38.99572443962097,0.3199999928474426,0.0,10.062892856837818,10.062892856837818,6.497516595231758,6.751638838851789,6.980375041855241,6.98017536438163,0.0318,0.1,1
39.19573354721069,0.3199999928474426,0.0,10.062892856837818,10.062892856837818,6.041511651829871,6.201720990738396,5.585538343767874,5.65184129317203,0.0318,0.1,1
39.395620822906494,0.3199999928474426,0.0,10.062892856837818,10.062892856837818,5.812033037722971,5.924611925683584,5.582423642240708,5.647344934345338,0.0318,0.1,1
39.59600234031677,0.3199999928474426,0.0,10.062892856837818,10.062892856837818,5.697338947377609,5.752616320410641,5.582862684603448,5.580947370023238,0.0318,0.1,1
39.79552626609802,0.3199999928474426,0.0,10.062892856837818,10.062892856837818,6.122297502366034,5.637963793370484,6.548269521036231,5.523037836908058,0.0318,0.1,1
39.995694160461426,0.3199999928474426,0.0,10.062892856837818,10.062892856837818,5.854688149366794,6.312216969394656,5.587296888690565,6.985920652511319,0.0318,0.1,1
40.196040868759155,0.3199999928474426,0.0,10.062892856837818,10.062892856837818,6.416115830180866,6.68154428949459,6.976533256097498,7.050207027589325,0.0318,0.1,1
40.40264868736267,0.0,0.0,0.0,0.0,5.994615683587832,6.821131391657868,5.586617319630404,6.956247143746001,0.0318,0.1,1
40.595683097839355,0.0,0.0,0.0,0.0,3.735754641290356,4.1695041969731514,1.3952069266239409,1.4219868178809545,0.0318,0.1,1
40.7960102558136,0.0,0.0,0.0,0.0,1.8663786302244083,2.0830793986978113,0.0,0.0,0.0318,0.1,1
40.995734214782715,0.0,0.0,0.0,0.0,0.9338315282286535,1.042256478297606,0.0,0.0,0.0318,0.1,1
41.202239751815796,0.0,-8.0,12.578616352201259,-12.578616352201259,0.45944398713195633,0.5127889319730833,0.0,0.0,0.0318,0.1,1
41.39579892158508,0.0,-8.0,12.578616352201259,-12.578616352201259,1.6064299407480562,-1.12930439546887,2.7915710555780193,-2.8260229216233497,0.0318,0.1,1
41.5957236289978,0.0,-8.0,12.578616352201259,-12.578616352201259,2.895338636287593,-3.3376311953806823,4.184723515045417,-5.546773854605301,0.0318,0.1,1
41.795567989349365,0.0,-8.0,12.578616352201259,-12.578616352201259,3.549449064523519,-4.4626451075318005,4.2040696977541305,-5.588536528574832,0.0318,0.1,1
42.002317667007446,0.3199999928474426,0.0,10.062892856837818,10.062892856837818,3.1484901350482333,-4.355554948379276,2.760620711121227,-4.251960801235332,0.0318,0.1,1
42.19689106941223,0.3199999928474426,0.0,10.062892856837818,10.062892856837818,3.6626291796439205,-0.14752446201390157,4.19098246732466,4.176844141192111,0.0318,0.1,1
42.39568901062012,0.3199999928474426,0.0,10.062892856837818,10.062892856837818,5.316630435625354,3.4003938023947273,6.981024072549468,6.970604261578836,0.0318,0.1,1
42.59576654434204,0.3199999928474426,0.0,10.062892856837818,10.062892856837818,5.502099025968596,4.494909625587723,5.687491546354203,5.588976533025519,0.0318,0.1,1
42.79573941230774,0.3199999928474426,0.0,10.062892856837818,10.062892856837818,6.257714367035451,5.7330741948196895,7.013428624901749,6.971400850856562,0.0318,0.1,1
42.99582362174988,0.3199999928474426,0.0,10.062892856837818,10.062892856837818,5.927303250113093,5.665699694792033,5.597028832006518,5.598353069172639,0.0318,0.1,1
43.19580888748169,0.3199999928474426,0.0,10.062892856837818,10.062892856837818,5.755268938748404,5.62611999604672,5.583221952451531,5.586537381197093,0.0318,0.1,1
43.39577078819275,0.3199999928474426,0.0,10.062892856837818,10.062892856837818,5.664471918424829,5.584147913802196,5.573657273455782,5.542167684340213,0.0318,0.1,1
43.59594464302063,0.3199999928474426,0.0,10.062892856837818,10.062892856837818,5.619401494955512,5.546191951778523,5.574373487500259,5.508271710311594,0.0318,0.1,1
43.7958619594574,0.3199999928474426,0.0,10.062892856837818,10.062892856837818,5.599441528752657,5.551099386838211,5.5794718783998665,5.556009202880734,0.0318,0.1,1
43.99572038650513,0.3199999928474426,0.0,10.062892856837818,10.062892856837818,5.658898767647274,5.569671595899179,5.718396846444975,5.588256561812504,0.0318,0.1,1
44.195679664611816,0.3199999928474426,0.0,10.062892856837818,10.062892856837818,4.89545463752555,5.578483287242054,4.131845016026485,5.587296888690565,0.0318,0.1,1
44.396140575408936,0.3199999928474426,0.0,10.062892856837818,10.062892856837818,5.243072858424313,5.661132119803477,5.589896766259772,5.743592098491819,0.0318,0.1,1
44.598302602767944,0.3199999928474426,0.0,10.062892856837818,10.062892856837818,4.7129348988403255,5.606441241032931,4.1884646586460255,5.552335063939455,0.0318,0.1,1
44.79564809799194,0.3199999928474426,0.0,10.062892856837818,10.062892856837818,4.452761616985102,4.879447218847207,4.189093827156981,4.142688602892817,0.0318,0.1,1
44.99573993682861,0.3199999928474426,0.0,10.062892856837818,10.062892856837818,5.027006869398324,4.534168694745715,5.600963248635789,4.189063862465547,0.0318,0.1,1
45.19571018218994,0.3199999928474426,0.0,10.062892856837818,10.062892856837818,6.007060136361675,5.759546246938548,6.987270917436173,6.985120741749156,0.0318,0.1,1
45.39593720436096,0.3199999928474426,0.0,10.062892856837818,10.062892856837818,5.79260900183325,5.671734684228487,5.578395660587534,5.584020491018488,0.0318,0.1,1
45.596073389053345,0.3199999928474426,0.0,10.062892856837818,10.062892856837818,5.691037476729518,5.564385455219653,5.589536638907223,5.457110934404431,0.0318,0.1,1
45.79611372947693,0.3199999928474426,0.0,10.062892856837818,10.062892856837818,4.940611600605114,5.538756923299576,4.190322748707031,5.513133071028576,0.0318,0.1,1
45.99567675590515,0.3199999928474426,0.0,10.062892856837818,10.062892856837818,4.570538147981069,4.857164670752376,4.199668098764744,4.17410526604429,0.0318,0.1,1
46.195738315582275,0.3199999928474426,0.0,10.062892856837818,10.062892856837818,5.07479724095724,3.8237030232513796,5.57891378770299,2.7905335193412237,0.0318,0.1,1
46.39572739601135,0.3199999928474426,0.0,10.062892856837818,10.062892856837818,6.020262789297309,4.706376213582043,6.965778833641944,5.589096546264459,0.0318,0.1,1
46.59596514701843,0.3199999928474426,0.0,10.062892856837818,10.062892856837818,5.822378197818778,5.145057689839778,5.62472691596598,5.583221952451531,0.0318,0.1,1
46.79598784446716,0.3199999928474426,0.0,10.062892856837818,10.062892856837818,5.702812183306591,4.663932439806209,5.583261873955606,4.182870386238972,0.0318,0.1,1
46.99774479866028,0.3199999928474426,0.0,10.062892856837818,10.062892856837818,5.6095740736689566,5.066124630800461,5.517145285358411,5.464825730876791,0.0318,0.1,1
47.19594669342041,0.3199999928474426,0.0,10.062892856837818,10.062892856837818,5.604368536427123,5.315837597775669,5.5991157930435556,5.567815073708216,0.0318,0.1,1
47.39591836929321,0.3199999928474426,0.0,10.062892856837818,10.062892856837818,4.886892519586789,5.453498421713853,4.169320867677224,5.591177594979566,0.0318,0.1,1
47.59582805633545,0.3199999928474426,0.0,10.062892856837818,10.062892856837818,5.233030330871329,5.547399145730786,5.579192819094874,5.641306564140426,0.0318,0.1,1
47.796053409576416,0.3199999928474426,0.0,10.062892856837818,10.062892856837818,5.416222340453568,4.867571081490486,5.599276392973083,4.188254977805204,0.0318,0.1,1
47.99609088897705,0.3199999928474426,0.0,10.062892856837818,10.062892856837818,4.801265685718935,5.228148870506769,4.186428647259942,5.588656522917701,0.0318,0.1,1
48.202664613723755,0.0,0.0,0.0,0.0,5.202060771477006,5.361887583319958,5.59013687694323,5.491382182088409,0.0318,0.1,1
48.39589214324951,0.0,0.0,0.0,0.0,2.6457744174002604,2.7270625277405522,0.0,0.0,0.0318,0.1,1
48.595921993255615,0.0,0.0,0.0,0.0,1.3227679979077773,1.3634083904754055,0.0,0.0,0.0318,0.1,1
48.80390930175781,0.0,-8.0,12.578616352201259,-12.578616352201259,0.648445708254782,0.6683683917366554,0.0,0.0,0.0318,0.1,1
48.996034383773804,0.0,-8.0,12.578616352201259,-12.578616352201259,1.699127252396766,-1.708223065559632,2.7927891492022763,-4.182034027225471,0.0318,0.1,1
49.19625473022461,0.0,-8.0,12.578616352201259,-12.578616352201259,2.9206415168279025,-2.250401450865579,4.140872507824094,-2.792010245509244,0.0318,0.1,1
49.39607214927673,0.0,-8.0,12.578616352201259,-12.578616352201259,1.4609667208391346,-1.8238615712952568,0.0,-1.396944171011688,0.0318,0.1,1
49.60214114189148,0.3199999928474426,0.0,10.062892856837818,10.062892856837818,0.7195936472345154,-0.8983361369007796,0.0,0.0,0.0318,0.1,1
49.79619240760803,0.3199999928474426,0.0,10.062892856837818,10.062892856837818,2.392984310942663,2.294739105725205,4.117609996952378,5.5855782984045526,0.0318,0.1,1
49.99590349197388,0.3199999928474426,0.0,10.062892856837818,10.062892856837818,4.681043467836497,4.641318202836161,6.972347037128198,6.991224692201075,0.0318,0.1,1
50.19606614112854,0.3199999928474426,0.0,10.062892856837818,10.062892856837818,5.8312730064935945,5.808823241017624,6.980574730753274,6.9753865297942275,0.0318,0.1,1
50.39584541320801,0.3199999928474426,0.0,10.062892856837818,10.062892856837818,5.714736174884464,5.698799939129203,5.598072118020298,5.588656522917701,0.0318,0.1,1
50.596275091171265,0.3199999928474426,0.0,10.062892856837818,10.062892856837818,5.654086786003698,5.641522240507726,5.593580731549111,5.5843799079009155,0.0318,0.1,1
50.79615068435669,0.3199999928474426,0.0,10.062892856837818,10.062892856837818,5.597522218979092,4.913628951668591,5.54090920909186,4.1851122825677,0.0318,0.1,1
50.996015787124634,0.3199999928474426,0.0,10.062892856837818,10.062892856837818,5.592411284726336,5.250768590960981,5.587296888690565,5.588136584644008,0.0318,0.1,1
51.19602131843567,0.3199999928474426,0.0,10.062892856837818,10.062892856837818,5.586639366314025,5.416957450998569,5.580867593768082,5.583142111156039,0.0318,0.1,1
51.39601802825928,0.3199999928474426,0.0,10.062892856837818,10.062892856837818,5.600385468040797,5.486977836281051,5.6141314681712124,5.556997704048373,0.0318,0.1,1
51.59601378440857,0.3199999928474426,0.0,10.062892856837818,10.062892856837818,4.888679816114566,4.835093415391595,4.176963304256208,4.183199047383487,0.0318,0.1,1
51.7959942817688,0.3199999928474426,0.0,10.062892856837818,10.062892856837818,5.230492326471492,4.5079707599547,5.5723446922625675,4.180809961924841,0.0318,0.1,1
51.99608278274536,0.3199999928474426,0.0,10.062892856837818,10.062892856837818,5.407413969129072,5.04892916547706,5.58426009713267,5.589656676202164,0.0318,0.1,1
52.19612407684326,0.3199999928474426,0.0,10.062892856837818,10.062892856837818,5.527006175571367,5.319016537849629,5.646364861178241,5.588576526116584,0.0318,0.1,1
52.39601445198059,0.3199999928474426,0.0,10.062892856837818,10.062892856837818,6.263489081821226,5.450868696185645,7.001656062434194,5.583022353494264,0.0318,0.1,1
52.596304178237915,0.3199999928474426,0.0,10.062892856837818,10.062892856837818,5.926656208258025,5.515873960596351,5.590296962192322,5.580787819793601,0.0318,0.1,1
52.79617357254028,0.3199999928474426,0.0,10.062892856837818,10.062892856837818,5.757378689473822,5.549403825323217,5.588056602727028,5.582942517907247,0.0318,0.1,1
52.99603581428528,0.3199999928474426,0.0,10.062892856837818,10.062892856837818,5.67346135492034,4.865656989609757,5.589456616908098,4.18119800260271,0.0318,0.1,1
53.19630432128906,0.3199999928474426,0.0,10.062892856837818,10.062892856837818,5.629850750637069,4.52833757389299,5.586297579622556,4.191462393173152,0.0318,0.1,1
53.39609742164612,0.3199999928474426,0.0,10.062892856837818,10.062892856837818,5.597361386228538,5.057788679301921,5.564839075400599,5.587776684046752,0.0318,0.1,1
53.598421812057495,0.3199999928474426,0.0,10.062892856837818,10.062892856837818,5.527886770911953,5.323246435957093,5.459209338978146,5.585658209392763,0.0318,0.1,1
53.79577279090881,0.3199999928474426,0.0,10.062892856837818,10.062892856837818,4.863554848153374,5.4524287378139915,4.190322748707031,5.583341718676476,0.0318,0.1,1
53.9960880279541,0.3199999928474426,0.0,10.062892856837818,10.062892856837818,4.530555430782278,5.5186953640362235,4.198072537376405,5.5848592023893096,0.0318,0.1,1
54.19718861579895,0.3199999928474426,0.0,10.062892856837818,10.062892856837818,4.99159873105709,5.549546107708736,5.450140568447636,5.580229465822879,0.0318,0.1,1
54.3996205329895,0.3199999928474426,0.0,10.062892856837818,10.062892856837818,5.2898228722846525,5.565502268184229,5.584459784602619,5.5812664978525515,0.0318,0.1,1
54.5962073802948,0.3199999928474426,0.0,10.062892856837818,10.062892856837818,5.438928386279495,4.88110133704428,5.590617160198332,4.18484312812841,0.0318,0.1,1
54.79606580734253,0.3199999928474426,0.0,10.062892856837818,10.062892856837818,5.573412549772862,5.2325610608774005,5.707988284870951,5.58426009713267,0.0318,0.1,1
54.99598813056946,0.3199999928474426,0.0,10.062892856837818,10.062892856837818,5.579034808456595,5.411130471253962,5.5846594863543215,5.589776718652902,0.0318,0.1,1
55.19671940803528,0.3199999928474426,0.0,10.062892856837818,10.062892856837818,5.582712911844757,5.495416033669022,5.586377511193267,5.579392144321348,0.0318,0.1,1
55.39602780342102,0.3199999928474426,0.0,10.062892856837818,10.062892856837818,5.590779856792139,5.539681076392993,5.598874910422409,5.584100357438543,0.0318,0.1,1
55.59589862823486,0.3199999928474426,0.0,10.062892856837818,10.062892856837818,5.588259810090609,5.561464383967967,5.585738122667524,5.583261873955606,0.0318,0.1,1
55.805354833602905,0.0,0.0,0.0,0.0,5.589936686185807,5.454694781238028,5.5915379338197555,5.352740573507049,0.0318,0.1,1
55.99597120285034,0.0,0.0,0.0,0.0,3.542801612468759,3.473790856975696,1.394957677489194,1.3954363145083408,0.0318,0.1,1
56.1959125995636,0.0,0.0,0.0,0.0,1.771635021880082,1.7371250818124198,0.0,0.0,0.0318,0.1,1
56.40204572677612,0.0,-8.0,12.578616352201259,-12.578616352201259,0.8723294138736511,0.8553371804732909,0.0,0.0,0.0318,0.1,1
56.59641647338867,0.0,-8.0,12.578616352201259,-12.578616352201259,1.814559877757021,-0.941830378934264,2.784364175517263,-2.791591015759173,0.0318,0.1,1
56.79580044746399,0.0,-8.0,12.578616352201259,-12.578616352201259,3.1968080968611066,-2.559811690135376,4.583368424222032,-4.182840510513938,0.0318,0.1,1
56.99593138694763,0.0,-8.0,12.578616352201259,-12.578616352201259,3.695494394874765,-4.0739012479079335,4.193833639138267,-5.5869370962419325,0.0318,0.1,1
57.20181369781494,0.3199999928474426,0.0,10.062892856837818,10.062892856837818,3.239532089514973,-4.131570808562951,2.7965700009385612,-4.187596117529824,0.0318,0.1,1
57.395909786224365,0.3199999928474426,0.0,10.062892856837818,10.062892856837818,3.706771942764823,-0.034707261430904524,4.188195072849503,4.186518429553679,0.0318,0.1,1
57.595940828323364,0.3199999928474426,0.0,10.062892856837818,10.062892856837818,5.33945564650657,3.4682848569692455,6.971849012339832,6.970654043075305,0.0318,0.1,1
57.795873165130615,0.3199999928474426,0.0,10.062892856837818,10.062892856837818,5.459721078213105,5.222639875494229,5.580030080765931,6.977630477592695,0.0318,0.1,1
57.99591851234436,0.3199999928474426,0.0,10.062892856837818,10.062892856837818,5.522857423131457,5.405671234310809,5.5859778762121035,5.588656522917701,0.0318,0.1,1
58.19615578651428,0.3199999928474426,0.0,10.062892856837818,10.062892856837818,5.553237235954557,6.197062190802397,5.58358126654173,6.9875210237788785,0.0318,0.1,1
58.39622139930725,0.3199999928474426,0.0,10.062892856837818,10.062892856837818,6.274537073302529,5.889369737545028,6.9955840295830605,5.581785158422649,0.0318,0.1,1
58.5959050655365,0.3199999928474426,0.0,10.062892856837818,10.062892856837818,6.620450780110851,6.42970060596811,6.966922402926334,6.970902961223666,0.0318,0.1,1
58.795907735824585,0.3199999928474426,0.0,10.062892856837818,10.062892856837818,6.1242873914118885,6.007336247645415,5.628132401485233,5.5849790388669165,0.0318,0.1,1
58.99614143371582,0.3199999928474426,0.0,10.062892856837818,10.062892856837818,5.852899467332752,5.797035185966508,5.5818250593823855,5.586977070892384,0.0318,0.1,1
59.195894956588745,0.3199999928474426,0.0,10.062892856837818,10.062892856837818,6.421561699537895,6.394338115016865,6.990924248503606,6.992376632310401,0.0318,0.1,1
59.3960063457489,0.3199999928474426,0.0,10.062892856837818,10.062892856837818,6.7005001172297245,5.989101867687963,6.979276957101319,5.584100357438543,0.0318,0.1,1
59.59608697891235,0.3199999928474426,0.0,10.062892856837818,10.062892856837818,6.835978267230344,6.481747136928314,6.971400850856562,6.974190347670835,0.0318,0.1,1
59.79624795913696,0.3199999928474426,0.0,10.062892856837818,10.062892856837818,6.9121292861213695,6.000410545585638,6.9882214168020536,5.519446175794936,0.0318,0.1,1
59.99613904953003,0.3199999928474426,0.0,10.062892856837818,10.062892856837818,6.249125596944682,6.489392607602614,5.5857780801623935,6.978628251212438,0.0318,0.1,1
60.1982262134552,0.3199999928474426,0.0,10.062892856837818,10.062892856837818,6.617621155984281,6.032458623591476,6.982322496083958,5.580229465822879,0.0318,0.1,1
60.39653921127319,0.3199999928474426,0.0,10.062892856837818,10.062892856837818,6.102155944025916,6.5061741662253745,5.582303915398747,6.983921219018421,0.0318,0.1,1
60.59589219093323,0.3199999928474426,0.0,10.062892856837818,10.062892856837818,6.548800845275926,6.74102443498986,6.996887875379583,6.976632989246744,0.0318,0.1,1
60.79605174064636,0.3199999928474426,0.0,10.062892856837818,10.062892856837818,6.760979750352925,6.160861305350634,6.9729945757344165,5.581146820639715,0.0318,0.1,1
60.996137380599976,0.3199999928474426,0.0,10.062892856837818,10.062892856837818,6.871328024456636,6.5717655288045735,6.981623284938746,6.982472345265128,0.0318,0.1,1
61.19638967514038,0.3199999928474426,0.0,10.062892856837818,10.062892856837818,6.917413956900712,6.069818767683135,6.96344314169022,5.568490075892211,0.0318,0.1,1
61.395952224731445,0.3199999928474426,0.0,10.062892856837818,10.062892856837818,6.95633288231917,6.524371158490306,6.995333345714731,6.97987586958986,0.0318,0.1,1
61.59740161895752,0.3199999928474426,0.0,10.062892856837818,10.062892856837818,6.26599132348467,6.751107088868315,5.5805485115532205,6.976234073757622,0.0318,0.1,1
61.796916007995605,0.3199999928474426,0.0,10.062892856837818,10.062892856837818,5.925834338408021,6.167826058376285,5.5848592023893096,5.583142111156039,0.0318,0.1,1
61.995964765548706,0.3199999928474426,0.0,10.062892856837818,10.062892856837818,5.751778209215253,6.576412050415242,5.576881686833991,6.986970813457529,0.0318,0.1,1
62.19590497016907,0.3199999928474426,0.0,10.062892856837818,10.062892856837818,6.3650172278379875,6.079866848901519,6.978428673660712,5.583182031518346,0.0318,0.1,1
62.39611744880676,0.3199999928474426,0.0,10.062892856837818,10.062892856837818,6.6702000632021115,6.568141750208042,6.975037600957412,7.055864195293794,0.0318,0.1,1
62.59781241416931,0.3199999928474426,0.0,10.062892856837818,10.062892856837818,6.819655745274169,6.059761975437706,6.967867373840495,5.555613900876274,0.0318,0.1,1
62.795920848846436,0.3199999928474426,0.0,10.062892856837818,10.062892856837818,6.908349432698369,6.518698337136416,6.997891164458998,6.982022817016055,0.0318,0.1,1
62.99604296684265,0.3199999928474426,0.0,10.062892856837818,10.062892856837818,6.946223170547939,6.05351916208827,6.984071136829283,5.588656522917701,0.0318,0.1,1
63.19594645500183,0.3199999928474426,0.0,10.062892856837818,10.062892856837818,6.960053591454932,6.475642973098168,6.973891366239945,6.897991234761917,0.0318,0.1,1
63.40121626853943,0.0,0.0,0.0,0.0,6.975283674096508,6.736503228445855,6.990123191540574,6.990673898480741,0.0318,0.1,1
63.59592080116272,0.0,0.0,0.0,0.0,4.22342057801912,4.101321705815758,1.3969941557748866,1.3947384119053987,0.0318,0.1,1
63.79566407203674,0.0,0.0,0.0,0.0,2.1131232180831594,2.052032934274459,0.0,0.0,0.0318,0.1,1
63.996071100234985,0.0,0.0,0.0,0.0,1.055494489352092,1.02498019782321,0.0,0.0,0.0318,0.1,1
64.19833254814148,0.0,0.0,0.0,0.0,0.524783757601511,0.5096122860963359,0.0,0.0,0.0318,0.1,1
64.39580845832825,0.0,0.0,0.0,0.0,0.264057353035786,0.25642346850852055,0.0,0.0,0.0318,0.1,1
64.59733724594116,0.0,0.0,0.0,0.0,0.13152520729731146,0.12772282030301232,0.0,0.0,0.0318,0.1,1
64.60570645332336,0.0,0.0,0.0,0.0,0.1262462163938767,0.12259644475572651,0.0,0.0,0.0318,0.1,1
